{"cameraMode":{"drawMode":0,"name":"Shaded","section":"Shading Mode"},"sceneLighting":true,"audioPlay":false,"sceneViewState":{"m_AlwaysRefresh":false,"showFog":true,"showSkybox":true,"showFlares":true,"showImageEffects":true,"showParticleSystems":true,"showVisualEffectGraphs":true,"m_FxEnabled":true},"in2DMode":false,"pivot":{"x":0.16998854279518128,"y":-5.464154243469238,"z":3.7915377616882326},"rotation":{"x":-0.18810492753982545,"y":0.028574185445904733,"z":-0.0054794722236692909,"w":-0.981742262840271},"size":6.915144920349121,"orthographic":false}